변수,"프로세스 개선의 정도 (프로세스 개선 관련 정보화 효과 인식)
(effect_proc_improve)","정보화 효과 평균
(effect_average)","AI 활용 범위 (AI 이용 유형의 개수)
(ai_use_sum)","AI 실제 업무 이용 여부
(ai_use)","정보화 전담 인력 보유 여부
(it_org_any)","디지털 성숙도 (Digital Maturity Index, DMI) - 기업이 활용하고 있는 디지털 시스템 및 기술 유형의 개수
(dmi)","정보화 투자 범위 (정보화 투자 종류 개수)
(it_invest_sum)","기업 규모
(firm_size)"
"프로세스 개선의 정도 (프로세스 개선 관련 정보화 효과 인식)
(effect_proc_improve)",1.000***,0.725***,0.129***,0.128***,0.171***,0.235***,0.291***,0.169***
"정보화 효과 평균
(effect_average)",0.725***,1.000***,0.161***,0.159***,0.266***,0.357***,0.406***,0.204***
"AI 활용 범위 (AI 이용 유형의 개수)
(ai_use_sum)",0.129***,0.161***,1.000***,0.823***,0.119***,0.572***,0.400***,0.283***
"AI 실제 업무 이용 여부
(ai_use)",0.128***,0.159***,0.823***,1.000***,0.126***,0.566***,0.407***,0.314***
"정보화 전담 인력 보유 여부
(it_org_any)",0.171***,0.266***,0.119***,0.126***,1.000***,0.265***,0.492***,0.263***
"디지털 성숙도 (Digital Maturity Index, DMI) - 기업이 활용하고 있는 디지털 시스템 및 기술 유형의 개수
(dmi)",0.235***,0.357***,0.572***,0.566***,0.265***,1.000***,0.575***,0.363***
"정보화 투자 범위 (정보화 투자 종류 개수)
(it_invest_sum)",0.291***,0.406***,0.400***,0.407***,0.492***,0.575***,1.000***,0.382***
"기업 규모
(firm_size)",0.169***,0.204***,0.283***,0.314***,0.263***,0.363***,0.382***,1.000***
