ai_use_sum,it_org_any,it_org_label,predicted,ci_lower,ci_upper,ai_range_rule,control_firm_size,control_industry,control_region,control_firm_type,control_it_invest_sum
0.0,0,it_org_any = 0,4.006439899202633,3.960174467794685,4.05270533061058,p5_to_p95,1,2,1,2,3.201425878882242
0.03,0,it_org_any = 0,4.005749048381496,3.9596131207913787,4.051884975971613,p5_to_p95,1,2,1,2,3.201425878882242
0.06,0,it_org_any = 0,4.00505819756036,3.9590460452834724,4.051070349837247,p5_to_p95,1,2,1,2,3.201425878882242
0.09,0,it_org_any = 0,4.004367346739224,3.9584731949220657,4.050261498556383,p5_to_p95,1,2,1,2,3.201425878882242
0.12,0,it_org_any = 0,4.0036764959180875,3.957894525054053,4.049458466782122,p5_to_p95,1,2,1,2,3.201425878882242
0.15,0,it_org_any = 0,4.002985645096951,3.957309992800699,4.048661297393203,p5_to_p95,1,2,1,2,3.201425878882242
0.18,0,it_org_any = 0,4.002294794275814,3.9567195571344134,4.047870031417214,p5_to_p95,1,2,1,2,3.201425878882242
0.21,0,it_org_any = 0,4.001603943454678,3.956123178953456,4.0470847079559,p5_to_p95,1,2,1,2,3.201425878882242
0.24,0,it_org_any = 0,4.000913092633542,3.955520821154244,4.046305364112841,p5_to_p95,1,2,1,2,3.201425878882242
0.27,0,it_org_any = 0,4.000222241812406,3.9549124487009935,4.045532034923817,p5_to_p95,1,2,1,2,3.201425878882242
0.3,0,it_org_any = 0,3.9995313909912693,3.954298028692391,4.044764753290147,p5_to_p95,1,2,1,2,3.201425878882242
0.32999999999999996,0,it_org_any = 0,3.9988405401701326,3.953677530425009,4.044003549915256,p5_to_p95,1,2,1,2,3.201425878882242
0.36,0,it_org_any = 0,3.9981496893489963,3.953050925453202,4.04324845324479,p5_to_p95,1,2,1,2,3.201425878882242
0.39,0,it_org_any = 0,3.99745883852786,3.9524181876452067,4.042499489410513,p5_to_p95,1,2,1,2,3.201425878882242
0.42,0,it_org_any = 0,3.9967679877067237,3.951779293235207,4.0417566821782405,p5_to_p95,1,2,1,2,3.201425878882242
0.44999999999999996,0,it_org_any = 0,3.9960771368855874,3.9511342208711158,4.041020052900059,p5_to_p95,1,2,1,2,3.201425878882242
0.48,0,it_org_any = 0,3.9953862860644507,3.9504829516578597,4.040289620471042,p5_to_p95,1,2,1,2,3.201425878882242
0.51,0,it_org_any = 0,3.9946954352433144,3.9498254691959636,4.039565401290665,p5_to_p95,1,2,1,2,3.201425878882242
0.54,0,it_org_any = 0,3.994004584422178,3.949161759615252,4.038847409229104,p5_to_p95,1,2,1,2,3.201425878882242
0.57,0,it_org_any = 0,3.993313733601042,3.94849181160351,4.038135655598573,p5_to_p95,1,2,1,2,3.201425878882242
0.6,0,it_org_any = 0,3.9926228827799055,3.9478156164299603,4.037430149129851,p5_to_p95,1,2,1,2,3.201425878882242
0.63,0,it_org_any = 0,3.991932031958769,3.9471331679634503,4.036730895954087,p5_to_p95,1,2,1,2,3.201425878882242
0.6599999999999999,0,it_org_any = 0,3.9912411811376325,3.9464444626852604,4.036037899590005,p5_to_p95,1,2,1,2,3.201425878882242
0.69,0,it_org_any = 0,3.990550330316496,3.9457494996964613,4.035351160936531,p5_to_p95,1,2,1,2,3.201425878882242
0.72,0,it_org_any = 0,3.98985947949536,3.945048280719797,4.034670678270923,p5_to_p95,1,2,1,2,3.201425878882242
0.75,0,it_org_any = 0,3.9891686286742236,3.9443408100960804,4.033996447252367,p5_to_p95,1,2,1,2,3.201425878882242
0.78,0,it_org_any = 0,3.988477777853087,3.9436270947751138,4.03332846093106,p5_to_p95,1,2,1,2,3.201425878882242
0.8099999999999999,0,it_org_any = 0,3.9877869270319506,3.9429071443011865,4.032666709762714,p5_to_p95,1,2,1,2,3.201425878882242
0.84,0,it_org_any = 0,3.9870960762108143,3.942180970793212,4.032011181628417,p5_to_p95,1,2,1,2,3.201425878882242
0.87,0,it_org_any = 0,3.986405225389678,3.941448588919608,4.031361861859748,p5_to_p95,1,2,1,2,3.201425878882242
0.8999999999999999,0,it_org_any = 0,3.9857143745685417,3.940710015868037,4.030718733269047,p5_to_p95,1,2,1,2,3.201425878882242
0.9299999999999999,0,it_org_any = 0,3.985023523747405,3.9399652713101507,4.03008177618466,p5_to_p95,1,2,1,2,3.201425878882242
0.96,0,it_org_any = 0,3.9843326729262687,3.9392143773615103,4.029450968491028,p5_to_p95,1,2,1,2,3.201425878882242
0.99,0,it_org_any = 0,3.9836418221051324,3.938457358536861,4.028826285673404,p5_to_p95,1,2,1,2,3.201425878882242
1.02,0,it_org_any = 0,3.982950971283996,3.9376942417009837,4.028207700867009,p5_to_p95,1,2,1,2,3.201425878882242
1.05,0,it_org_any = 0,3.98226012046286,3.9369250560153337,4.027595184910386,p5_to_p95,1,2,1,2,3.201425878882242
1.08,0,it_org_any = 0,3.981569269641723,3.9361498328807203,4.026988706402726,p5_to_p95,1,2,1,2,3.201425878882242
1.1099999999999999,0,it_org_any = 0,3.980878418820587,3.9353686058762767,4.026388231764897,p5_to_p95,1,2,1,2,3.201425878882242
1.14,0,it_org_any = 0,3.9801875679994505,3.934581410694988,4.025793725303913,p5_to_p95,1,2,1,2,3.201425878882242
1.17,0,it_org_any = 0,3.979496717178314,3.9337882850760573,4.025205149280571,p5_to_p95,1,2,1,2,3.201425878882242
1.2,0,it_org_any = 0,3.978805866357178,3.932989268734397,4.024622463979959,p5_to_p95,1,2,1,2,3.201425878882242
1.23,0,it_org_any = 0,3.978115015536041,3.9321844032875313,4.0240456277845515,p5_to_p95,1,2,1,2,3.201425878882242
1.26,0,it_org_any = 0,3.977424164714905,3.9313737321802145,4.023474597249596,p5_to_p95,1,2,1,2,3.201425878882242
1.29,0,it_org_any = 0,3.9767333138937686,3.9305573006070507,4.0229093271804865,p5_to_p95,1,2,1,2,3.201425878882242
1.3199999999999998,0,it_org_any = 0,3.9760424630726323,3.929735155433425,4.022349770711839,p5_to_p95,1,2,1,2,3.201425878882242
1.3499999999999999,0,it_org_any = 0,3.975351612251496,3.928907345115033,4.021795879387959,p5_to_p95,1,2,1,2,3.201425878882242
1.38,0,it_org_any = 0,3.9746607614303593,3.9280739196163013,4.021247603244417,p5_to_p95,1,2,1,2,3.201425878882242
1.41,0,it_org_any = 0,3.973969910609223,3.927234930327993,4.020704890890453,p5_to_p95,1,2,1,2,3.201425878882242
1.44,0,it_org_any = 0,3.9732790597880867,3.9263904299842656,4.020167689591908,p5_to_p95,1,2,1,2,3.201425878882242
1.47,0,it_org_any = 0,3.9725882089669504,3.9255404725794625,4.019635945354438,p5_to_p95,1,2,1,2,3.201425878882242
1.5,0,it_org_any = 0,3.971897358145814,3.924685113284896,4.019109603006732,p5_to_p95,1,2,1,2,3.201425878882242
1.53,0,it_org_any = 0,3.9712065073246774,3.9238244083658724,4.018588606283482,p5_to_p95,1,2,1,2,3.201425878882242
1.56,0,it_org_any = 0,3.970515656503541,3.9229584150992016,4.018072897907881,p5_to_p95,1,2,1,2,3.201425878882242
1.5899999999999999,0,it_org_any = 0,3.969824805682405,3.9220871916914097,4.0175624196734,p5_to_p95,1,2,1,2,3.201425878882242
1.6199999999999999,0,it_org_any = 0,3.9691339548612685,3.9212107971978822,4.017057112524655,p5_to_p95,1,2,1,2,3.201425878882242
1.65,0,it_org_any = 0,3.9684431040401322,3.9203292914431214,4.0165569166371435,p5_to_p95,1,2,1,2,3.201425878882242
1.68,0,it_org_any = 0,3.9677522532189955,3.919442734942317,4.016061771495674,p5_to_p95,1,2,1,2,3.201425878882242
1.71,0,it_org_any = 0,3.967061402397859,3.9185511888243947,4.015571615971324,p5_to_p95,1,2,1,2,3.201425878882242
1.74,0,it_org_any = 0,3.966370551576723,3.917654714756696,4.0150863883967505,p5_to_p95,1,2,1,2,3.201425878882242
1.77,0,it_org_any = 0,3.9656797007555866,3.9167533748714387,4.0146060266397345,p5_to_p95,1,2,1,2,3.201425878882242
1.7999999999999998,0,it_org_any = 0,3.9649888499344503,3.915847231694082,4.014130468174819,p5_to_p95,1,2,1,2,3.201425878882242
1.8299999999999998,0,it_org_any = 0,3.9642979991133136,3.9149363480737023,4.013659650152925,p5_to_p95,1,2,1,2,3.201425878882242
1.8599999999999999,0,it_org_any = 0,3.9636071482921773,3.9140207871154935,4.013193509468861,p5_to_p95,1,2,1,2,3.201425878882242
1.89,0,it_org_any = 0,3.962916297471041,3.9131006121154557,4.012731982826626,p5_to_p95,1,2,1,2,3.201425878882242
1.92,0,it_org_any = 0,3.9622254466499047,3.9121758864973644,4.012275006802445,p5_to_p95,1,2,1,2,3.201425878882242
1.95,0,it_org_any = 0,3.9615345958287684,3.9112466737520633,4.011822517905474,p5_to_p95,1,2,1,2,3.201425878882242
1.98,0,it_org_any = 0,3.9608437450076317,3.9103130373791335,4.01137445263613,p5_to_p95,1,2,1,2,3.201425878882242
2.01,0,it_org_any = 0,3.9601528941864954,3.909375040830975,4.010930747542016,p5_to_p95,1,2,1,2,3.201425878882242
2.04,0,it_org_any = 0,3.959462043365359,3.908432747459315,4.010491339271404,p5_to_p95,1,2,1,2,3.201425878882242
2.07,0,it_org_any = 0,3.958771192544223,3.9074862204641634,4.010056164624283,p5_to_p95,1,2,1,2,3.201425878882242
2.1,0,it_org_any = 0,3.9580803417230865,3.9065355228452177,4.009625160600955,p5_to_p95,1,2,1,2,3.201425878882242
2.13,0,it_org_any = 0,3.95738949090195,3.905580717355705,4.0091982644481945,p5_to_p95,1,2,1,2,3.201425878882242
2.16,0,it_org_any = 0,3.9566986400808135,3.904621866458653,4.008775413702974,p5_to_p95,1,2,1,2,3.201425878882242
2.19,0,it_org_any = 0,3.956007789259677,3.9036590322855576,4.008356546233797,p5_to_p95,1,2,1,2,3.201425878882242
2.2199999999999998,0,it_org_any = 0,3.955316938438541,3.902692276597432,4.00794160027965,p5_to_p95,1,2,1,2,3.201425878882242
2.25,0,it_org_any = 0,3.9546260876174046,3.901721660748185,4.007530514486625,p5_to_p95,1,2,1,2,3.201425878882242
2.28,0,it_org_any = 0,3.953935236796268,3.9007472456502943,4.007123227942242,p5_to_p95,1,2,1,2,3.201425878882242
2.31,0,it_org_any = 0,3.9532443859751316,3.8997690917427326,4.006719680207531,p5_to_p95,1,2,1,2,3.201425878882242
2.34,0,it_org_any = 0,3.9525535351539953,3.898787258961078,4.006319811346913,p5_to_p95,1,2,1,2,3.201425878882242
2.37,0,it_org_any = 0,3.951862684332859,3.8978018067097713,4.005923561955947,p5_to_p95,1,2,1,2,3.201425878882242
2.4,0,it_org_any = 0,3.9511718335117227,3.8968127938364505,4.005530873186995,p5_to_p95,1,2,1,2,3.201425878882242
2.4299999999999997,0,it_org_any = 0,3.950480982690586,3.895820278608301,4.005141686772871,p5_to_p95,1,2,1,2,3.201425878882242
2.46,0,it_org_any = 0,3.9497901318694497,3.894824318690362,4.0047559450485375,p5_to_p95,1,2,1,2,3.201425878882242
2.4899999999999998,0,it_org_any = 0,3.9490992810483134,3.893824971125714,4.004373590970913,p5_to_p95,1,2,1,2,3.201425878882242
2.52,0,it_org_any = 0,3.948408430227177,3.89282229231749,4.003994568136864,p5_to_p95,1,2,1,2,3.201425878882242
2.55,0,it_org_any = 0,3.947717579406041,3.8918163380126347,4.003618820799447,p5_to_p95,1,2,1,2,3.201425878882242
2.58,0,it_org_any = 0,3.947026728584904,3.890807163287341,4.003246293882467,p5_to_p95,1,2,1,2,3.201425878882242
2.61,0,it_org_any = 0,3.946335877763768,3.8897948225341037,4.002876932993432,p5_to_p95,1,2,1,2,3.201425878882242
2.6399999999999997,0,it_org_any = 0,3.9456450269426315,3.888779369450302,4.002510684434961,p5_to_p95,1,2,1,2,3.201425878882242
2.67,0,it_org_any = 0,3.9449541761214952,3.8877608570282667,4.002147495214723,p5_to_p95,1,2,1,2,3.201425878882242
2.6999999999999997,0,it_org_any = 0,3.944263325300359,3.886739337546738,4.00178731305398,p5_to_p95,1,2,1,2,3.201425878882242
2.73,0,it_org_any = 0,3.943572474479222,3.885714862563662,4.001430086394782,p5_to_p95,1,2,1,2,3.201425878882242
2.76,0,it_org_any = 0,3.942881623658086,3.884687482910255,4.0010757644059165,p5_to_p95,1,2,1,2,3.201425878882242
2.79,0,it_org_any = 0,3.9421907728369496,3.883657248686262,4.000724296987637,p5_to_p95,1,2,1,2,3.201425878882242
2.82,0,it_org_any = 0,3.9414999220158133,3.8826242092563588,4.000375634775268,p5_to_p95,1,2,1,2,3.201425878882242
2.85,0,it_org_any = 0,3.940809071194677,3.881588413247619,4.000029729141735,p5_to_p95,1,2,1,2,3.201425878882242
2.88,0,it_org_any = 0,3.9401182203735408,3.8805499085479984,3.999686532199083,p5_to_p95,1,2,1,2,3.201425878882242
2.9099999999999997,0,it_org_any = 0,3.939427369552404,3.8795087423057657,3.9993459967990423,p5_to_p95,1,2,1,2,3.201425878882242
2.94,0,it_org_any = 0,3.9387365187312677,3.8784649609298296,3.999008076532706,p5_to_p95,1,2,1,2,3.201425878882242
2.9699999999999998,0,it_org_any = 0,3.9380456679101314,3.8774186100908987,3.998672725729364,p5_to_p95,1,2,1,2,3.201425878882242
3.0,0,it_org_any = 0,3.937354817088995,3.8763697347234283,3.998339899454562,p5_to_p95,1,2,1,2,3.201425878882242
0.0,1,it_org_any = 1,4.015132873264378,3.9691796504437593,4.061086096084996,p5_to_p95,1,2,1,2,3.201425878882242
0.03,1,it_org_any = 1,4.016182134151103,3.9702980127285907,4.062066255573616,p5_to_p95,1,2,1,2,3.201425878882242
0.06,1,it_org_any = 1,4.017231395037829,3.971412898225504,4.063049891850154,p5_to_p95,1,2,1,2,3.201425878882242
0.09,1,it_org_any = 1,4.018280655924554,3.9725242919750783,4.0640370198740285,p5_to_p95,1,2,1,2,3.201425878882242
0.12,1,it_org_any = 1,4.019329916811279,3.9736321797346656,4.065027653887893,p5_to_p95,1,2,1,2,3.201425878882242
0.15,1,it_org_any = 1,4.020379177698004,3.97473654799418,4.066021807401828,p5_to_p95,1,2,1,2,3.201425878882242
0.18,1,it_org_any = 1,4.02142843858473,3.975837383991222,4.067019493178237,p5_to_p95,1,2,1,2,3.201425878882242
0.21,1,it_org_any = 1,4.022477699471455,3.976934675725478,4.068020723217432,p5_to_p95,1,2,1,2,3.201425878882242
0.24,1,it_org_any = 1,4.02352696035818,3.978028411972372,4.069025508743988,p5_to_p95,1,2,1,2,3.201425878882242
0.27,1,it_org_any = 1,4.024576221244906,3.97911858229593,4.070033860193882,p5_to_p95,1,2,1,2,3.201425878882242
0.3,1,it_org_any = 1,4.02562548213163,3.980205177060816,4.071045787202445,p5_to_p95,1,2,1,2,3.201425878882242
0.32999999999999996,1,it_org_any = 1,4.026674743018356,3.9812881874435284,4.072061298593184,p5_to_p95,1,2,1,2,3.201425878882242
0.36,1,it_org_any = 1,4.027724003905082,3.9823676054426964,4.0730804023674665,p5_to_p95,1,2,1,2,3.201425878882242
0.39,1,it_org_any = 1,4.028773264791806,3.9834434238884784,4.0741031056951345,p5_to_p95,1,2,1,2,3.201425878882242
0.42,1,it_org_any = 1,4.029822525678532,3.9845156364510195,4.075129414906044,p5_to_p95,1,2,1,2,3.201425878882242
0.44999999999999996,1,it_org_any = 1,4.030871786565257,3.9855842376479464,4.076159335482568,p5_to_p95,1,2,1,2,3.201425878882242
0.48,1,it_org_any = 1,4.031921047451982,3.986649222850889,4.077192872053075,p5_to_p95,1,2,1,2,3.201425878882242
0.51,1,it_org_any = 1,4.032970308338708,3.987710588290997,4.078230028386419,p5_to_p95,1,2,1,2,3.201425878882242
0.54,1,it_org_any = 1,4.034019569225434,3.988768331063447,4.07927080738742,p5_to_p95,1,2,1,2,3.201425878882242
0.57,1,it_org_any = 1,4.0350688301121584,3.9898224491309224,4.080315211093395,p5_to_p95,1,2,1,2,3.201425878882242
0.6,1,it_org_any = 1,4.036118090998883,3.99087294132606,4.081363240671706,p5_to_p95,1,2,1,2,3.201425878882242
0.63,1,it_org_any = 1,4.037167351885609,3.991919807352852,4.082414896418365,p5_to_p95,1,2,1,2,3.201425878882242
0.6599999999999999,1,it_org_any = 1,4.0382166127723345,3.9929630477869975,4.083470177757672,p5_to_p95,1,2,1,2,3.201425878882242
0.69,1,it_org_any = 1,4.03926587365906,3.994002664075215,4.084529083242905,p5_to_p95,1,2,1,2,3.201425878882242
0.72,1,it_org_any = 1,4.040315134545785,3.9950386585335034,4.085591610558066,p5_to_p95,1,2,1,2,3.201425878882242
0.75,1,it_org_any = 1,4.0413643954325105,3.9960710343443666,4.086657756520655,p5_to_p95,1,2,1,2,3.201425878882242
0.78,1,it_org_any = 1,4.042413656319235,3.997099795552998,4.087727517085472,p5_to_p95,1,2,1,2,3.201425878882242
0.8099999999999999,1,it_org_any = 1,4.043462917205961,3.998124947062454,4.088800887349468,p5_to_p95,1,2,1,2,3.201425878882242
0.84,1,it_org_any = 1,4.0445121780926865,3.9991464946278055,4.089877861557568,p5_to_p95,1,2,1,2,3.201425878882242
0.87,1,it_org_any = 1,4.045561438979411,4.000164444849307,4.090958433109515,p5_to_p95,1,2,1,2,3.201425878882242
0.8999999999999999,1,it_org_any = 1,4.046610699866137,4.001178805164592,4.0920425945676815,p5_to_p95,1,2,1,2,3.201425878882242
0.9299999999999999,1,it_org_any = 1,4.047659960752862,4.002189583839903,4.09313033766582,p5_to_p95,1,2,1,2,3.201425878882242
0.96,1,it_org_any = 1,4.048709221639587,4.003196789960414,4.09422165331876,p5_to_p95,1,2,1,2,3.201425878882242
0.99,1,it_org_any = 1,4.049758482526313,4.00420043341963,4.095316531632996,p5_to_p95,1,2,1,2,3.201425878882242
1.02,1,it_org_any = 1,4.050807743413038,4.0052005249079246,4.096414961918151,p5_to_p95,1,2,1,2,3.201425878882242
1.05,1,it_org_any = 1,4.051857004299763,4.006197075900236,4.097516932699291,p5_to_p95,1,2,1,2,3.201425878882242
1.08,1,it_org_any = 1,4.052906265186488,4.007190098642939,4.098622431730037,p5_to_p95,1,2,1,2,3.201425878882242
1.1099999999999999,1,it_org_any = 1,4.053955526073214,4.008179606139959,4.099731446006468,p5_to_p95,1,2,1,2,3.201425878882242
1.14,1,it_org_any = 1,4.055004786959939,4.009165612138128,4.1008439617817505,p5_to_p95,1,2,1,2,3.201425878882242
1.17,1,it_org_any = 1,4.056054047846664,4.010148131111846,4.101959964581482,p5_to_p95,1,2,1,2,3.201425878882242
1.2,1,it_org_any = 1,4.05710330873339,4.011127178247079,4.1030794392197,p5_to_p95,1,2,1,2,3.201425878882242
1.23,1,it_org_any = 1,4.058152569620114,4.012102769424728,4.104202369815501,p5_to_p95,1,2,1,2,3.201425878882242
1.26,1,it_org_any = 1,4.05920183050684,4.013074921203414,4.1053287398102665,p5_to_p95,1,2,1,2,3.201425878882242
1.29,1,it_org_any = 1,4.060251091393566,4.014043650801723,4.1064585319854086,p5_to_p95,1,2,1,2,3.201425878882242
1.3199999999999998,1,it_org_any = 1,4.06130035228029,4.01500897607995,4.107591728480631,p5_to_p95,1,2,1,2,3.201425878882242
1.3499999999999999,1,it_org_any = 1,4.062349613167016,4.015970915521384,4.108728310812648,p5_to_p95,1,2,1,2,3.201425878882242
1.38,1,it_org_any = 1,4.063398874053741,4.016929488213179,4.109868259894302,p5_to_p95,1,2,1,2,3.201425878882242
1.41,1,it_org_any = 1,4.064448134940466,4.017884713826852,4.1110115560540805,p5_to_p95,1,2,1,2,3.201425878882242
1.44,1,it_org_any = 1,4.065497395827192,4.018836612598455,4.112158179055929,p5_to_p95,1,2,1,2,3.201425878882242
1.47,1,it_org_any = 1,4.066546656713918,4.019785205308457,4.113308108119378,p5_to_p95,1,2,1,2,3.201425878882242
1.5,1,it_org_any = 1,4.067595917600642,4.020730513261386,4.114461321939899,p5_to_p95,1,2,1,2,3.201425878882242
1.53,1,it_org_any = 1,4.068645178487367,4.021672558265269,4.115617798709465,p5_to_p95,1,2,1,2,3.201425878882242
1.56,1,it_org_any = 1,4.069694439374093,4.022611362610913,4.116777516137272,p5_to_p95,1,2,1,2,3.201425878882242
1.5899999999999999,1,it_org_any = 1,4.070743700260818,4.023546949051056,4.117940451470581,p5_to_p95,1,2,1,2,3.201425878882242
1.6199999999999999,1,it_org_any = 1,4.071792961147544,4.024479340779456,4.1191065815156325,p5_to_p95,1,2,1,2,3.201425878882242
1.65,1,it_org_any = 1,4.072842222034269,4.0254085614099235,4.120275882658614,p5_to_p95,1,2,1,2,3.201425878882242
1.68,1,it_org_any = 1,4.073891482920994,4.0263346349553615,4.121448330886626,p5_to_p95,1,2,1,2,3.201425878882242
1.71,1,it_org_any = 1,4.074940743807719,4.027257585806831,4.122623901808607,p5_to_p95,1,2,1,2,3.201425878882242
1.74,1,it_org_any = 1,4.075990004694445,4.0281774387126905,4.123802570676199,p5_to_p95,1,2,1,2,3.201425878882242
1.77,1,it_org_any = 1,4.0770392655811705,4.02909421875783,4.124984312404511,p5_to_p95,1,2,1,2,3.201425878882242
1.7999999999999998,1,it_org_any = 1,4.078088526467895,4.030007951343053,4.126169101592738,p5_to_p95,1,2,1,2,3.201425878882242
1.8299999999999998,1,it_org_any = 1,4.07913778735462,4.030918662164613,4.127356912544627,p5_to_p95,1,2,1,2,3.201425878882242
1.8599999999999999,1,it_org_any = 1,4.080187048241346,4.031826377193951,4.12854771928874,p5_to_p95,1,2,1,2,3.201425878882242
1.89,1,it_org_any = 1,4.081236309128071,4.032731122657658,4.129741495598484,p5_to_p95,1,2,1,2,3.201425878882242
1.92,1,it_org_any = 1,4.082285570014797,4.03363292501768,4.130938215011914,p5_to_p95,1,2,1,2,3.201425878882242
1.95,1,it_org_any = 1,4.083334830901522,4.034531810951808,4.132137850851235,p5_to_p95,1,2,1,2,3.201425878882242
1.98,1,it_org_any = 1,4.084384091788246,4.035427807334466,4.133340376242026,p5_to_p95,1,2,1,2,3.201425878882242
2.01,1,it_org_any = 1,4.085433352674972,4.036320941217813,4.134545764132131,p5_to_p95,1,2,1,2,3.201425878882242
2.04,1,it_org_any = 1,4.086482613561698,4.037211239813182,4.135753987310213,p5_to_p95,1,2,1,2,3.201425878882242
2.07,1,it_org_any = 1,4.087531874448423,4.038098730472896,4.13696501842395,p5_to_p95,1,2,1,2,3.201425878882242
2.1,1,it_org_any = 1,4.088581135335148,4.038983440672442,4.138178829997854,p5_to_p95,1,2,1,2,3.201425878882242
2.13,1,it_org_any = 1,4.089630396221873,4.039865397993041,4.1393953944507045,p5_to_p95,1,2,1,2,3.201425878882242
2.16,1,it_org_any = 1,4.090679657108598,4.040744630104632,4.140614684112565,p5_to_p95,1,2,1,2,3.201425878882242
2.19,1,it_org_any = 1,4.091728917995324,4.041621164749257,4.141836671241391,p5_to_p95,1,2,1,2,3.201425878882242
2.2199999999999998,1,it_org_any = 1,4.09277817888205,4.042495029724889,4.14306132803921,p5_to_p95,1,2,1,2,3.201425878882242
2.25,1,it_org_any = 1,4.093827439768775,4.043366252869689,4.144288626667861,p5_to_p95,1,2,1,2,3.201425878882242
2.28,1,it_org_any = 1,4.094876700655499,4.0442348620467135,4.145518539264285,p5_to_p95,1,2,1,2,3.201425878882242
2.31,1,it_org_any = 1,4.095925961542225,4.045100885129072,4.146751037955378,p5_to_p95,1,2,1,2,3.201425878882242
2.34,1,it_org_any = 1,4.09697522242895,4.045964349985539,4.147986094872362,p5_to_p95,1,2,1,2,3.201425878882242
2.37,1,it_org_any = 1,4.098024483315676,4.046825284466633,4.1492236821647195,p5_to_p95,1,2,1,2,3.201425878882242
2.4,1,it_org_any = 1,4.099073744202402,4.047683716391159,4.150463772013644,p5_to_p95,1,2,1,2,3.201425878882242
2.4299999999999997,1,it_org_any = 1,4.1001230050891255,4.04853967353321,4.151706336645041,p5_to_p95,1,2,1,2,3.201425878882242
2.46,1,it_org_any = 1,4.101172265975851,4.049393183609656,4.152951348342047,p5_to_p95,1,2,1,2,3.201425878882242
2.4899999999999998,1,it_org_any = 1,4.102221526862577,4.050244274268064,4.154198779457089,p5_to_p95,1,2,1,2,3.201425878882242
2.52,1,it_org_any = 1,4.103270787749302,4.051092973075124,4.155448602423481,p5_to_p95,1,2,1,2,3.201425878882242
2.55,1,it_org_any = 1,4.104320048636028,4.051939307505507,4.156700789766549,p5_to_p95,1,2,1,2,3.201425878882242
2.58,1,it_org_any = 1,4.105369309522752,4.0527833049311965,4.157955314114307,p5_to_p95,1,2,1,2,3.201425878882242
2.61,1,it_org_any = 1,4.1064185704094776,4.053624992611281,4.159212148207674,p5_to_p95,1,2,1,2,3.201425878882242
2.6399999999999997,1,it_org_any = 1,4.107467831296203,4.054464397682182,4.160471264910225,p5_to_p95,1,2,1,2,3.201425878882242
2.67,1,it_org_any = 1,4.108517092182929,4.05530154714834,4.161732637217518,p5_to_p95,1,2,1,2,3.201425878882242
2.6999999999999997,1,it_org_any = 1,4.1095663530696545,4.056136467873339,4.16299623826597,p5_to_p95,1,2,1,2,3.201425878882242
2.73,1,it_org_any = 1,4.110615613956378,4.056969186571461,4.164262041341296,p5_to_p95,1,2,1,2,3.201425878882242
2.76,1,it_org_any = 1,4.111664874843104,4.057799729799676,4.165530019886532,p5_to_p95,1,2,1,2,3.201425878882242
2.79,1,it_org_any = 1,4.11271413572983,4.05862812395003,4.166800147509629,p5_to_p95,1,2,1,2,3.201425878882242
2.82,1,it_org_any = 1,4.113763396616555,4.05945439524247,4.16807239799064,p5_to_p95,1,2,1,2,3.201425878882242
2.85,1,it_org_any = 1,4.114812657503281,4.060278569718055,4.1693467452885065,p5_to_p95,1,2,1,2,3.201425878882242
2.88,1,it_org_any = 1,4.115861918390006,4.061100673232562,4.170623163547449,p5_to_p95,1,2,1,2,3.201425878882242
2.9099999999999997,1,it_org_any = 1,4.11691117927673,4.061920731450481,4.171901627102979,p5_to_p95,1,2,1,2,3.201425878882242
2.94,1,it_org_any = 1,4.117960440163456,4.062738769839391,4.173182110487521,p5_to_p95,1,2,1,2,3.201425878882242
2.9699999999999998,1,it_org_any = 1,4.119009701050182,4.0635548136646795,4.174464588435684,p5_to_p95,1,2,1,2,3.201425878882242
3.0,1,it_org_any = 1,4.120058961936907,4.064368887984646,4.175749035889169,p5_to_p95,1,2,1,2,3.201425878882242
