구분,변수명,실제 변수명,변수 유형,유효 N,결측 N,평균 또는 비율,표준편차,최솟값,중앙값,최댓값,분산/평균 비율,비고
메인 DV,프로세스 개선의 정도 (프로세스 개선 관련 정보화 효과 인식),effect_proc_improve,순서형,12203,0,3.974,0.764,1.0,4.0,5.0,,값 라벨: 1=전혀 효과 없음; 2=효과 없음; 3=보통; 4=효과 있음; 5=매우 효과 있음
강건성 DV,정보화 효과 평균,effect_average,연속형,12203,0,3.632,0.612,1.0,3.667,5.0,,
핵심 IV,AI 활용 범위 (AI 이용 유형의 개수),ai_use_sum,카운트형,12203,0,0.877,1.265,0.0,0.0,9.0,1.826,"카운트형 변수, 분산/평균 비율 계산"
조절변수 W2,"디지털 성숙도 (Digital Maturity Index, DMI)
- 기업이 활용하고 있는 디지털 시스템 및 기술 유형의 개수",dmi,카운트형,12203,0,5.951,4.29,0.0,5.0,29.0,3.093,"카운트형 변수, 분산/평균 비율 계산"
보조 통제/강건성 변수,정보화 투자 범위 (정보화 투자 종류 개수),it_invest_sum,카운트형,12203,0,3.201,1.45,1.0,3.0,8.0,0.656,"카운트형 변수, 분산/평균 비율 계산"
통제변수,기업 규모,firm_size,순서형/범주형,12203,0,1.814,0.901,1.0,2.0,4.0,,값 라벨: 1=10-49명; 2=50-249명; 3=250-999명; 4=1000명 이상
보조 AI 변수,AI 실제 업무 이용 여부,ai_use,이항,12203,0,0.415,0.493,0.0,0.0,1.0,,1의 비율
조절변수 W1,정보화 전담 인력 보유 여부,it_org_any,이항,12203,0,0.52,0.5,0.0,1.0,1.0,,1의 비율
