구분,변수명,실제 변수명,포함 이유,기술통계 방식
메인 DV,프로세스 개선의 정도 (프로세스 개선 관련 정보화 효과 인식),effect_proc_improve,종속변수로 사용할 핵심 성과 인식 변수,"1~5점 순서형 분포, 평균, 표준편차"
강건성 DV,정보화 효과 평균,effect_average,복수 효과 문항 평균을 활용한 강건성 확인용 변수,"평균, 표준편차, 최솟값, 최댓값"
핵심 IV,AI 활용 범위 (AI 이용 유형의 개수),ai_use_sum,기업의 AI 활용 유형 수를 나타내는 핵심 설명변수,"카운트 분포, 평균, 분산/평균 비율"
보조 AI 변수,AI 실제 업무 이용 여부,ai_use,AI 활용 여부 자체의 표본 비중 확인,"0/1 비율, 1의 비율"
조절변수 W1,정보화 전담 인력 보유 여부,it_org_any,정보화 조직 체계 보유 여부 확인,"0/1 비율, 1의 비율"
조절변수 W2,"디지털 성숙도 (Digital Maturity Index, DMI)
- 기업이 활용하고 있는 디지털 시스템 및 기술 유형의 개수",dmi,디지털 관리 및 기술 활용 수준을 나타내는 조절변수,"카운트 분포, 평균, 분산/평균 비율"
보조 통제/강건성 변수,정보화 투자 범위 (정보화 투자 종류 개수),it_invest_sum,정보화 투자 항목 수를 통한 보조 통제 및 강건성 확인,"카운트 분포, 평균, 분산/평균 비율"
통제변수,기업 규모,firm_size,기업 규모별 표본 구성 통제,범주형 빈도표 및 분포
통제변수,업종,industry,업종별 표본 구성 통제,범주형 빈도표 및 분포
