구분,변수명,실제 변수명,비가중 평균 또는 비율,가중 평균 또는 비율,비고
메인 DV,프로세스 개선의 정도 (프로세스 개선 관련 정보화 효과 인식),effect_proc_improve,3.974,3.868,단순 가중 평균
강건성 DV,정보화 효과 평균,effect_average,3.632,3.549,단순 가중 평균
핵심 IV,AI 활용 범위 (AI 이용 유형의 개수),ai_use_sum,0.877,0.632,단순 가중 평균
조절변수 W2,"디지털 성숙도 (Digital Maturity Index, DMI)
- 기업이 활용하고 있는 디지털 시스템 및 기술 유형의 개수",dmi,5.951,5.017,단순 가중 평균
보조 통제/강건성 변수,정보화 투자 범위 (정보화 투자 종류 개수),it_invest_sum,3.201,2.816,단순 가중 평균
통제변수,기업 규모,firm_size,1.814,1.166,단순 가중 평균
보조 AI 변수,AI 실제 업무 이용 여부,ai_use,0.415,0.303,이항 변수는 1의 가중 비율로 해석
조절변수 W1,정보화 전담 인력 보유 여부,it_org_any,0.52,0.432,이항 변수는 1의 가중 비율로 해석
